Brand,url
Miguel Vieira Men Women Spring Summer 2026 Milan,https://nowfashion.com/miguel-vieira-men-women-spring-summer-2026-milan/
Bally Men Women Spring Summer 2026 Milan,https://nowfashion.com/bally-men-women-spring-summer-2026-milan/
Saul Nash Men Women Spring Summer 2026 Milan,https://nowfashion.com/saul-nash-men-women-spring-summer-2026-milan/
Qasimi Men Women Spring Summer 2026 Milan,https://nowfashion.com/qasimi-men-women-spring-summer-2026-milan/
Simon Cracker Men Women Spring Summer 2026 Milan,https://nowfashion.com/simon-cracker-men-women-spring-summer-2026-milan/
Pronounce Men Women Spring Summer 2026 Milan,https://nowfashion.com/pronounce-men-women-spring-summer-2026-milan/
Fiorucci Men Women Spring Summer 2026 Milan,https://nowfashion.com/fiorucci-men-women-spring-summer-2026-milan/
Coperni,https://nowfashion.com/coperni-ready-to-wear-spring-summer-2025-paris/
Louis Vuitton,https://nowfashion.com/louis-vuitton-ready-to-wear-spring-summer-2025-paris/
Ujoh,https://nowfashion.com/ujoh-ready-to-wear-spring-summer-2025-paris/
Lacoste,https://nowfashion.com/lacoste-ready-to-wear-spring-summer-2025-paris/
Abra,https://nowfashion.com/abra-ready-to-wear-spring-summer-2025-paris/
Xuly Bet,https://nowfashion.com/xuly-bet-ready-to-wear-spring-summer-2025-paris/
Miu Miu,https://nowfashion.com/miu-miu-ready-to-wear-spring-summer-2025-paris/
Kiko Kostadinov,https://nowfashion.com/kiko-kostadinov-ready-to-wear-spring-summer-2025-paris/
Peter Do,https://nowfashion.com/peter-do-ready-to-wear-spring-summer-2025-paris/
Dice Kayek,https://nowfashion.com/dice-kayek-ready-to-wear-spring-summer-2025-paris/
Chanel,https://nowfashion.com/chanel-ready-to-wear-spring-summer-2025-paris/
Maison Yoshiki,https://nowfashion.com/maison-yoshiki-ready-to-wear-spring-summer-2025-paris/
Pierre Cardin,https://nowfashion.com/pierre-cardin-ready-to-wear-spring-summer-2025-paris/
Balenciaga,https://nowfashion.com/balenciaga-ready-to-wear-spring-summer-2025-paris/
Rokh,https://nowfashion.com/rokh-ready-to-wear-spring-summer-2025-paris/
Sacai,https://nowfashion.com/sacai-ready-to-wear-spring-summer-2025-paris/
Shiatzy Chen,https://nowfashion.com/shiatzy-chen-ready-to-wear-spring-summer-2025-paris/
Theunissen,https://nowfashion.com/theunissen-ready-to-wear-spring-summer-2025-paris/
Gabriela Hearst,https://nowfashion.com/gabriela-hearst-ready-to-wear-spring-summer-2025-paris/
Zimmermann,https://nowfashion.com/zimmermann-ready-to-wear-spring-summer-2025-paris/
Lutz Huelle,https://nowfashion.com/lutz-huelle-ready-to-wear-spring-summer-2025-paris/
Stella Mccartney,https://nowfashion.com/stella-mccartney-ready-to-wear-spring-summer-2025-paris/
Isabel Marant,https://nowfashion.com/isabel-marant-ready-to-wear-spring-summer-2025-paris/
Paula Canovas Del Vas,https://nowfashion.com/paula-canovas-del-vas-ready-to-wear-spring-summer-2025-paris/
Juozas Statkevicius,https://nowfashion.com/juozas-statkevicius-ready-to-wear-spring-summer-2025-paris/
Ottolinger,https://nowfashion.com/ottolinger-ready-to-wear-spring-summer-2025-paris/
Valentino,https://nowfashion.com/valentino-ready-to-wear-spring-summer-2025-paris/
Akris,https://nowfashion.com/akris-ready-to-wear-spring-summer-2025-paris/
Duran Lantink,https://nowfashion.com/duran-lantink-ready-to-wear-spring-summer-2025-paris/
Niccolo Pasqualetti,https://nowfashion.com/niccolo-pasqualetti-ready-to-wear-spring-summer-2025-paris/
Mcqueen,https://nowfashion.com/mcqueen-ready-to-wear-spring-summer-2025-paris/
Ann Demeulemeester,https://nowfashion.com/ann-demeulemeester-ready-to-wear-spring-summer-2025-paris/
J Simone,https://nowfashion.com/j-simone-ready-to-wear-spring-summer-2025-paris/
Comme Des Garcons,https://nowfashion.com/comme-des-garcons-ready-to-wear-spring-summer-2025-paris/
Elie Saab,https://nowfashion.com/elie-saab-ready-to-wear-spring-summer-2025-paris/
Hermes,https://nowfashion.com/hermes-ready-to-wear-spring-summer-2025-paris/
Vivienne Westwood,https://nowfashion.com/vivienne-westwood-ready-to-wear-spring-summer-2025-paris/
Noir Kei Ninomiya,https://nowfashion.com/noir-kei-ninomiya-ready-to-wear-spring-summer-2025-paris/
Carven,https://nowfashion.com/carven-ready-to-wear-spring-summer-2025-paris/
Junya Watanabe,https://nowfashion.com/junya-watanabe-ready-to-wear-spring-summer-2025-paris/
Victoria Beckham,https://nowfashion.com/victoria-beckham-ready-to-wear-spring-summer-2025-paris/
Yohji Yamamoto,https://nowfashion.com/yohji-yamamoto-ready-to-wear-spring-summer-2025-paris/
Vetements,https://nowfashion.com/vetements-ready-to-wear-spring-summer-2025-paris/
Nina Ricci,https://nowfashion.com/nina-ricci-ready-to-wear-spring-summer-2025-paris/
Giambattista Valli,https://nowfashion.com/giambattista-valli-ready-to-wear-spring-summer-2025-paris/
Jitrois,https://nowfashion.com/jitrois-ready-to-wear-spring-summer-2025-paris/
Issey Miyake,https://nowfashion.com/issey-miyake-ready-to-wear-spring-summer-2025-paris/
Time,https://nowfashion.com/time-ready-to-wear-spring-summer-2025-paris/
Rami Al Ali,https://nowfashion.com/rami-al-ali-ready-to-wear-spring-summer-2025-paris/
Loewe,https://nowfashion.com/loewe-ready-to-wear-spring-summer-2025-paris/
Vivienne Tam,https://nowfashion.com/vivienne-tam-ready-to-wear-spring-summer-2025-paris/
Leonard Paris,https://nowfashion.com/leonard-paris-ready-to-wear-spring-summer-2025-paris/
Monique Fei 2,https://nowfashion.com/monique-fei-ready-to-wear-spring-summer-2025-paris-2/
Casablanca,https://nowfashion.com/casablanca-ready-to-wear-spring-summer-2025-paris/
Schiaparelli,https://nowfashion.com/schiaparelli-ready-to-wear-spring-summer-2025-paris/
Rick Owens,https://nowfashion.com/rick-owens-ready-to-wear-spring-summer-2025-paris/
Uma Wang,https://nowfashion.com/uma-wang-ready-to-wear-spring-summer-2025-paris/
Mugler,https://nowfashion.com/mugler-ready-to-wear-spring-summer-2025-paris/
Christian Wijnants,https://nowfashion.com/christian-wijnants-ready-to-wear-spring-summer-2025-paris/
Chloe,https://nowfashion.com/chloe-ready-to-wear-spring-summer-2025-paris/
Balmain,https://nowfashion.com/balmain-ready-to-wear-spring-summer-2025-paris/
Alexis Mabille,https://nowfashion.com/alexis-mabille-ready-to-wear-spring-summer-2025-paris/
Reverie By Caroline Hu,https://nowfashion.com/reverie-by-caroline-hu-ready-to-wear-spring-summer-2025-paris/
Acne Studios,https://nowfashion.com/acne-studios-ready-to-wear-spring-summer-2025-paris/
Bloni,https://nowfashion.com/bloni-ready-to-wear-spring-summer-2025-paris/
Rabanne,https://nowfashion.com/rabanne-ready-to-wear-spring-summer-2025-paris/
Rvng,https://nowfashion.com/rvng-ready-to-wear-spring-summer-2025-paris/
Cecilie Bahnsen,https://nowfashion.com/cecilie-bahnsen-ready-to-wear-spring-summer-2025-paris/
Dries Van Noten,https://nowfashion.com/dries-van-noten-ready-to-wear-spring-summer-2025-paris/
Zomer,https://nowfashion.com/zomer-ready-to-wear-spring-summer-2025-paris/
Litkovska,https://nowfashion.com/litkovska-ready-to-wear-spring-summer-2025-paris/
Courreges,https://nowfashion.com/courreges-ready-to-wear-spring-summer-2025-paris/
Saint Laurent,https://nowfashion.com/saint-laurent-ready-to-wear-spring-summer-2025-paris/
Ester Manas,https://nowfashion.com/ester-manas-ready-to-wear-spring-summer-2025-paris/
Luis De Javier,https://nowfashion.com/luis-de-javier-ready-to-wear-spring-summer-2025-paris/
Anrealage,https://nowfashion.com/anrealage-ready-to-wear-spring-summer-2025-paris/
Pabepabe,https://nowfashion.com/pabepabe-ready-to-wear-spring-summer-2025-paris/
Kinyan Lam,https://nowfashion.com/kinyan-lam-ready-to-wear-spring-summer-2025-paris/
Germanier,https://nowfashion.com/germanier-ready-to-wear-spring-summer-2025-paris/
Ganni,https://nowfashion.com/ganni-ready-to-wear-spring-summer-2025-paris/
Dior,https://nowfashion.com/dior-ready-to-wear-spring-summer-2025-paris/
Mame Kurogouchi,https://nowfashion.com/mame-kurogouchi-ready-to-wear-spring-summer-2025-paris/
Marie Adam Leenaerdt,https://nowfashion.com/marie-adam-leenaerdt-ready-to-wear-spring-summer-2025-paris/
Alainpaul,https://nowfashion.com/alainpaul-ready-to-wear-spring-summer-2025-paris/
Cfcl,https://nowfashion.com/cfcl-ready-to-wear-spring-summer-2025-paris/
Vaquera,https://nowfashion.com/vaquera-ready-to-wear-spring-summer-2025-paris/
Weinsanto,https://nowfashion.com/weinsanto-ready-to-wear-spring-summer-2025-paris/
Rave Review Ready To Wear Spring Summer 2025 Milan,https://nowfashion.com/rave-review-ready-to-wear-spring-summer-2025-milan/
Francesca Liberatore Ready To Wear Spring Summer 2025 Milan,https://nowfashion.com/francesca-liberatore-ready-to-wear-spring-summer-2025-milan/
Avavav Ready To Wear Spring Summer 2025 Milan,https://nowfashion.com/avavav-ready-to-wear-spring-summer-2025-milan/
Hui Ready To Wear Spring Summer 2025 Milan,https://nowfashion.com/hui-ready-to-wear-spring-summer-2025-milan/
Andreadamo Ready To Wear Spring Summer 2025 Milan,https://nowfashion.com/andreadamo-ready-to-wear-spring-summer-2025-milan/
Philipp Plein Men Women Spring Summer 2025 Milan,https://nowfashion.com/philipp-plein-men-women-spring-summer-2025-milan/
Bottega Veneta Men Women Spring Summer 2025 Milan,https://nowfashion.com/bottega-veneta-men-women-spring-summer-2025-milan/
The Attico Ready To Wear Spring Summer 2025 Milan,https://nowfashion.com/the-attico-ready-to-wear-spring-summer-2025-milan/
Diesel Men Women Spring Summer 2025 Milan,https://nowfashion.com/diesel-men-women-spring-summer-2025-milan/
Dolce Gabbana Ready To Wear Spring Summer 2025 Milan,https://nowfashion.com/dolce-gabbana-ready-to-wear-spring-summer-2025-milan/
Bally Men Women Spring Summer 2025 Milan,https://nowfashion.com/bally-men-women-spring-summer-2025-milan/
Luisa Spagnoli Ready To Wear Spring Summer 2025 Milan,https://nowfashion.com/luisa-spagnoli-ready-to-wear-spring-summer-2025-milan/
Ferragamo Men Women Spring Summer 2025 Milan,https://nowfashion.com/ferragamo-men-women-spring-summer-2025-milan/
Scervino Ready To Wear Spring Summer 2025 Milan,https://nowfashion.com/scervino-ready-to-wear-spring-summer-2025-milan/
Ferrari Men Women Spring Summer 2025 Milan,https://nowfashion.com/ferrari-men-women-spring-summer-2025-milan/
Versace Men Women Spring Summer 2025 Milan,https://nowfashion.com/versace-men-women-spring-summer-2025-milan/
Byblos Ready To Wear Spring Summer 2025 Milan,https://nowfashion.com/byblos-ready-to-wear-spring-summer-2025-milan/
Elisabetta Franchi Ready To Wear Spring Summer 2025 Milan,https://nowfashion.com/elisabetta-franchi-ready-to-wear-spring-summer-2025-milan/
Sunnei Men Women Spring Summer 2025 Milan,https://nowfashion.com/sunnei-men-women-spring-summer-2025-milan/
Missoni Ready To Wear Spring Summer 2025 Milan,https://nowfashion.com/missoni-ready-to-wear-spring-summer-2025-milan/
Gucci Ready To Wear Spring Summer 2025 Milan,https://nowfashion.com/gucci-ready-to-wear-spring-summer-2025-milan/
Vivetta Ready To Wear Spring Summer 2025 Milan,https://nowfashion.com/vivetta-ready-to-wear-spring-summer-2025-milan/
Calcaterra Ready To Wear Spring Summer 2025 Milan,https://nowfashion.com/calcaterra-ready-to-wear-spring-summer-2025-milan/
Sportmax Ready To Wear Spring Summer 2025 Milan,https://nowfashion.com/sportmax-ready-to-wear-spring-summer-2025-milan/
Sarawong Ready To Wear Spring Summer 2025 Milan,https://nowfashion.com/sarawong-ready-to-wear-spring-summer-2025-milan/
Phan Dang Hoang Ready To Wear Spring Summer 2025 Milan,https://nowfashion.com/phan-dang-hoang-ready-to-wear-spring-summer-2025-milan/
Loro Piana Men Women Spring Summer 2025 Milan,https://nowfashion.com/loro-piana-men-women-spring-summer-2025-milan/
Tods Ready To Wear Spring Summer 2025 Milan,https://nowfashion.com/tods-ready-to-wear-spring-summer-2025-milan/
San Andres Milano Ready To Wear Spring Summer 2025 Milan,https://nowfashion.com/san-andres-milano-ready-to-wear-spring-summer-2025-milan/
Emporio Armani Ready To Wear Spring Summer 2025 Milan,https://nowfashion.com/emporio-armani-ready-to-wear-spring-summer-2025-milan/
Gcds Men Women Spring Summer 2025 Milan,https://nowfashion.com/gcds-men-women-spring-summer-2025-milan/
Moschino Ready To Wear Spring Summer 2025 Milan,https://nowfashion.com/moschino-ready-to-wear-spring-summer-2025-milan/
Miss Bikini Ready To Wear Spring Summer 2025 Milan,https://nowfashion.com/miss-bikini-ready-to-wear-spring-summer-2025-milan/
Mm6 Maison Margiela Men Women Spring Summer 2025 Milan,https://nowfashion.com/mm6-maison-margiela-men-women-spring-summer-2025-milan/
Tokyo James Men Women Spring Summer 2025 Milan,https://nowfashion.com/tokyo-james-men-women-spring-summer-2025-milan/
Prada Ready To Wear Spring Summer 2025 Milan,https://nowfashion.com/prada-ready-to-wear-spring-summer-2025-milan/
Anteprima Ready To Wear Spring Summer 2025 Milan,https://nowfashion.com/anteprima-ready-to-wear-spring-summer-2025-milan/
Philosophy Ready To Wear Spring Summer 2025 Milan,https://nowfashion.com/philosophy-ready-to-wear-spring-summer-2025-milan/
Genny Ready To Wear Spring Summer 2025 Milan,https://nowfashion.com/genny-ready-to-wear-spring-summer-2025-milan/
Max Mara Ready To Wear Spring Summer 2025 Milan,https://nowfashion.com/max-mara-ready-to-wear-spring-summer-2025-milan/
Etro Ready To Wear Spring Summer 2025 Milan,https://nowfashion.com/etro-ready-to-wear-spring-summer-2025-milan/
Roberto Cavalli Ready To Wear Spring Summer 2025 Milan,https://nowfashion.com/roberto-cavalli-ready-to-wear-spring-summer-2025-milan/
N21 Ready To Wear Spring Summer 2025 Milan,https://nowfashion.com/n21-ready-to-wear-spring-summer-2025-milan/
Onitsuka Tiger Men Women Spring Summer 2025 Milan,https://nowfashion.com/onitsuka-tiger-men-women-spring-summer-2025-milan/
Sirivannavari Ready To Wear Spring Summer 2025 Milan,https://nowfashion.com/sirivannavari-ready-to-wear-spring-summer-2025-milan/
Del Core Ready To Wear Spring Summer 2025 Milan,https://nowfashion.com/del-core-ready-to-wear-spring-summer-2025-milan/
Daniela Gregis Ready To Wear Spring Summer 2025 Milan,https://nowfashion.com/daniela-gregis-ready-to-wear-spring-summer-2025-milan/
Jil Sander Men Women Spring Summer 2025 Milan,https://nowfashion.com/jil-sander-men-women-spring-summer-2025-milan/
Marco Rambaldi Ready To Wear Spring Summer 2025 Milan,https://nowfashion.com/marco-rambaldi-ready-to-wear-spring-summer-2025-milan/
Boss Men Women Spring Summer 2025 Milan,https://nowfashion.com/boss-men-women-spring-summer-2025-milan/
Luisa Beccaria Ready To Wear Spring Summer 2025 Milan,https://nowfashion.com/luisa-beccaria-ready-to-wear-spring-summer-2025-milan/
Antonio Marras Men Women Spring Summer 2025 Milan,https://nowfashion.com/antonio-marras-men-women-spring-summer-2025-milan/
Adriana Hot Couture Ready To Wear Spring Summer 2025 Milan,https://nowfashion.com/adriana-hot-couture-ready-to-wear-spring-summer-2025-milan/
Iceberg Men Women Spring Summer 2025 Milan,https://nowfashion.com/iceberg-men-women-spring-summer-2025-milan/
Alberta Ferretti Ready To Wear Spring Summer 2025 Milan,https://nowfashion.com/alberta-ferretti-ready-to-wear-spring-summer-2025-milan/
Fracomina Ready To Wear Spring Summer 2025 Milan 2,https://nowfashion.com/fracomina-ready-to-wear-spring-summer-2025-milan-2/
Marni Men Women Spring Summer 2025 Milan,https://nowfashion.com/marni-men-women-spring-summer-2025-milan/
Fendi Ready To Wear Spring Summer 2025 Milan,https://nowfashion.com/fendi-ready-to-wear-spring-summer-2025-milan/
Toga Ready To Wear Spring Summer 2025 London,https://nowfashion.com/toga-ready-to-wear-spring-summer-2025-london/
Burberry Men Women Spring Summer 2025 London,https://nowfashion.com/burberry-men-women-spring-summer-2025-london/
Labrum London Men Women Spring Summer 2025 London,https://nowfashion.com/labrum-london-men-women-spring-summer-2025-london/
Huishan Zhang Ready To Wear Spring Summer 2025 London,https://nowfashion.com/huishan-zhang-ready-to-wear-spring-summer-2025-london/
Marquesalmeida Ready To Wear Spring Summer 2025 London,https://nowfashion.com/marquesalmeida-ready-to-wear-spring-summer-2025-london/
Knwls Ready To Wear Spring Summer 2025 London,https://nowfashion.com/knwls-ready-to-wear-spring-summer-2025-london/
Erdem Ready To Wear Spring Summer 2025 London,https://nowfashion.com/erdem-ready-to-wear-spring-summer-2025-london/
Simone Rocha Men Women Spring Summer 2025 London,https://nowfashion.com/simone-rocha-men-women-spring-summer-2025-london/
16Arlington Ready To Wear Spring Summer 2025 London,https://nowfashion.com/16arlington-ready-to-wear-spring-summer-2025-london/
Emilia Wickstead Ready To Wear Spring Summer 2025 London,https://nowfashion.com/emilia-wickstead-ready-to-wear-spring-summer-2025-london/
Roksanda Ready To Wear Spring Summer 2025 London,https://nowfashion.com/roksanda-ready-to-wear-spring-summer-2025-london/
Jw Anderson Men Women Spring Summer 2025 London,https://nowfashion.com/jw-anderson-men-women-spring-summer-2025-london/
Karoline Vitto Ready To Wear Spring Summer 2025 London,https://nowfashion.com/karoline-vitto-ready-to-wear-spring-summer-2025-london/
Nensi Dojaka Ready To Wear Spring Summer 2025 London,https://nowfashion.com/nensi-dojaka-ready-to-wear-spring-summer-2025-london/
Richard Quinn Ready To Wear Spring Summer 2025 London,https://nowfashion.com/richard-quinn-ready-to-wear-spring-summer-2025-london/
Aaron Esh Men Women Spring Summer 2025 London,https://nowfashion.com/aaron-esh-men-women-spring-summer-2025-london/
Masha Popova Men Women Spring Summer 2025 London,https://nowfashion.com/masha-popova-men-women-spring-summer-2025-london/
Standing Ground Ready To Wear Spring Summer 2025 London,https://nowfashion.com/standing-ground-ready-to-wear-spring-summer-2025-london/
Ahluwalia Men Women Spring Summer 2025 London,https://nowfashion.com/ahluwalia-men-women-spring-summer-2025-london/
Kentcurwen Men Women Spring Summer 2025 London,https://nowfashion.com/kentcurwen-men-women-spring-summer-2025-london/
Patrick Mcdowell Ready To Wear Spring Summer 2025 London,https://nowfashion.com/patrick-mcdowell-ready-to-wear-spring-summer-2025-london/
Natasha Zinko Men Women Spring Summer 2025 London,https://nowfashion.com/natasha-zinko-men-women-spring-summer-2025-london/
Loutre Men Women Spring Summer 2025 London,https://nowfashion.com/loutre-men-women-spring-summer-2025-london/
Nuba Men Women Spring Summer 2025 London,https://nowfashion.com/nuba-men-women-spring-summer-2025-london/
Olly Shinder Men Women Spring Summer 2025 London,https://nowfashion.com/olly-shinder-men-women-spring-summer-2025-london/
Chet Lo Men Women Spring Summer 2025 London,https://nowfashion.com/chet-lo-men-women-spring-summer-2025-london/
Mark Fast Men Women Spring Summer 2025 London,https://nowfashion.com/mark-fast-men-women-spring-summer-2025-london/
Yuhan Wang Ready To Wear Spring Summer 2025 London,https://nowfashion.com/yuhan-wang-ready-to-wear-spring-summer-2025-london/
S S Daley Men Women Spring Summer 2025 London,https://nowfashion.com/s-s-daley-men-women-spring-summer-2025-london/
Bora Aksu Ready To Wear Spring Summer 2025 London,https://nowfashion.com/bora-aksu-ready-to-wear-spring-summer-2025-london/
Di Petsa Men Women Spring Summer 2025 London,https://nowfashion.com/di-petsa-men-women-spring-summer-2025-london/
Paul Costelloe Ready To Wear Spring Summer 2025 London,https://nowfashion.com/paul-costelloe-ready-to-wear-spring-summer-2025-london/
Pamella Roland Ready To Wear Spring Summer 2025 New York,https://nowfashion.com/pamella-roland-ready-to-wear-spring-summer-2025-new-york/
Melitta Baumeister Ready To Wear Spring Summer 2025 New York,https://nowfashion.com/melitta-baumeister-ready-to-wear-spring-summer-2025-new-york/
Frederick Anderson Ready To Wear Spring Summer 2025 New York,https://nowfashion.com/frederick-anderson-ready-to-wear-spring-summer-2025-new-york/
Private Policy Ready To Wear Spring Summer 2025 New York,https://nowfashion.com/private-policy-ready-to-wear-spring-summer-2025-new-york/
Jane Wade Ready To Wear Spring Summer 2025 New York,https://nowfashion.com/jane-wade-ready-to-wear-spring-summer-2025-new-york/
Alejandra Alonso Rojas Ready To Wear Spring Summer 2025 New York,https://nowfashion.com/alejandra-alonso-rojas-ready-to-wear-spring-summer-2025-new-york/
Luar Ready To Wear Spring Summer 2025 New York,https://nowfashion.com/luar-ready-to-wear-spring-summer-2025-new-york/
Cynthia Rowley Ready To Wear Spring Summer 2025 New York,https://nowfashion.com/cynthia-rowley-ready-to-wear-spring-summer-2025-new-york/
Bibhu Mohapatra Ready To Wear Spring Summer 2025 New York,https://nowfashion.com/bibhu-mohapatra-ready-to-wear-spring-summer-2025-new-york/
Elena Velez Ready To Wear Spring Summer 2025 New York,https://nowfashion.com/elena-velez-ready-to-wear-spring-summer-2025-new-york/
Michael Kors Ready To Wear Spring Summer 2025 New York,https://nowfashion.com/michael-kors-ready-to-wear-spring-summer-2025-new-york/
Wiederhoeft Ready To Wear Spring Summer 2025 New York,https://nowfashion.com/wiederhoeft-ready-to-wear-spring-summer-2025-new-york/
Cos Ready To Wear Spring Summer 2025 New York,https://nowfashion.com/cos-ready-to-wear-spring-summer-2025-new-york/
Toteme Ready To Wear Spring Summer 2025 New York,https://nowfashion.com/toteme-ready-to-wear-spring-summer-2025-new-york/
Meruert Tolegen Ready To Wear Spring Summer 2025 New York,https://nowfashion.com/meruert-tolegen-ready-to-wear-spring-summer-2025-new-york/
Laquan Smith Ready To Wear Spring Summer 2025 New York,https://nowfashion.com/laquan-smith-ready-to-wear-spring-summer-2025-new-york/
Tory Burch Ready To Wear Spring Summer 2025 New York,https://nowfashion.com/tory-burch-ready-to-wear-spring-summer-2025-new-york/
Theophilio Ready To Wear Spring Summer 2025 New York,https://nowfashion.com/theophilio-ready-to-wear-spring-summer-2025-new-york/
Coach Ready To Wear Spring Summer 2025 New York,https://nowfashion.com/coach-ready-to-wear-spring-summer-2025-new-york/
Dennis Basso Ready To Wear Spring Summer 2025 New York,https://nowfashion.com/dennis-basso-ready-to-wear-spring-summer-2025-new-york/
Naeem Khan Ready To Wear Spring Summer 2025 New York,https://nowfashion.com/naeem-khan-ready-to-wear-spring-summer-2025-new-york/
Carolina Herrera Ready To Wear Spring Summer 2025 New York,https://nowfashion.com/carolina-herrera-ready-to-wear-spring-summer-2025-new-york/
Eckhaus Latta Ready To Wear Spring Summer 2025 New York,https://nowfashion.com/eckhaus-latta-ready-to-wear-spring-summer-2025-new-york/
Tommy Hilfiger Ready To Wear Spring Summer 2025 New York,https://nowfashion.com/tommy-hilfiger-ready-to-wear-spring-summer-2025-new-york/
3 1 Phillip Lim Ready To Wear Spring Summer 2025 New York,https://nowfashion.com/3-1-phillip-lim-ready-to-wear-spring-summer-2025-new-york/
Sandy Liang Ready To Wear Spring Summer 2025 New York,https://nowfashion.com/sandy-liang-ready-to-wear-spring-summer-2025-new-york/
Jason Wu Ready To Wear Spring Summer 2025 New York,https://nowfashion.com/jason-wu-ready-to-wear-spring-summer-2025-new-york/
Off White Ready To Wear Spring Summer 2025 New York,https://nowfashion.com/off-white-ready-to-wear-spring-summer-2025-new-york/
Ulla Johnson Ready To Wear Spring Summer 2025 New York,https://nowfashion.com/ulla-johnson-ready-to-wear-spring-summer-2025-new-york/
Kim Shui Ready To Wear Spring Summer 2025 New York,https://nowfashion.com/kim-shui-ready-to-wear-spring-summer-2025-new-york/
Khaite Ready To Wear Spring Summer 2025 New York,https://nowfashion.com/khaite-ready-to-wear-spring-summer-2025-new-york/
Sergio Hudson Ready To Wear Spring Summer 2025 New York,https://nowfashion.com/sergio-hudson-ready-to-wear-spring-summer-2025-new-york/
Monse Ready To Wear Spring Summer 2025 New York,https://nowfashion.com/monse-ready-to-wear-spring-summer-2025-new-york/
Palomo Spain Ready To Wear Spring Summer 2025 New York,https://nowfashion.com/palomo-spain-ready-to-wear-spring-summer-2025-new-york/
Tibi Ready To Wear Spring Summer 2025 New York,https://nowfashion.com/tibi-ready-to-wear-spring-summer-2025-new-york/
Who Decides War Ready To Wear Spring Summer 2025 New York,https://nowfashion.com/who-decides-war-ready-to-wear-spring-summer-2025-new-york/
Prabal Gurung Ready To Wear Spring Summer 2025 New York,https://nowfashion.com/prabal-gurung-ready-to-wear-spring-summer-2025-new-york/
Simkhai Ready To Wear Spring Summer 2025 New York,https://nowfashion.com/simkhai-ready-to-wear-spring-summer-2025-new-york/
Campillo Ready To Wear Spring Summer 2025 New York,https://nowfashion.com/campillo-ready-to-wear-spring-summer-2025-new-york/
Willy Chavarria Ready To Wear Spring Summer 2025 New York,https://nowfashion.com/willy-chavarria-ready-to-wear-spring-summer-2025-new-york/
Collina Strada Ready To Wear Spring Summer 2025 New York,https://nowfashion.com/collina-strada-ready-to-wear-spring-summer-2025-new-york/
Victor De Souza Ready To Wear Spring Summer 2025 New York,https://nowfashion.com/victor-de-souza-ready-to-wear-spring-summer-2025-new-york/
Grace Ling Ready To Wear Spring Summer 2025 New York,https://nowfashion.com/grace-ling-ready-to-wear-spring-summer-2025-new-york/
Brandon Maxwell Ready To Wear Spring Summer 2025 New York,https://nowfashion.com/brandon-maxwell-ready-to-wear-spring-summer-2025-new-york/
Libertine Ready To Wear Spring Summer 2025 New York,https://nowfashion.com/libertine-ready-to-wear-spring-summer-2025-new-york/
Christian Siriano Ready To Wear Spring Summer 2025 New York,https://nowfashion.com/christian-siriano-ready-to-wear-spring-summer-2025-new-york/
Ralph Lauren Ready To Wear Spring Summer 2025 New York,https://nowfashion.com/ralph-lauren-ready-to-wear-spring-summer-2025-new-york/
Proenza Schouler Ready To Wear Spring Summer 2025 New York,https://nowfashion.com/proenza-schouler-ready-to-wear-spring-summer-2025-new-york/
